date,year,quarter,month,day,day_of_week
2020-01-01,2020,1,1,1,3
2020-01-02,2020,1,1,2,4
2020-01-03,2020,1,1,3,5
2020-01-04,2020,1,1,4,6
2020-01-05,2020,1,1,5,7
2020-01-06,2020,1,1,6,1
2020-01-07,2020,1,1,7,2
2020-01-08,2020,1,1,8,3
2020-01-09,2020,1,1,9,4
2020-01-10,2020,1,1,10,5
2020-01-11,2020,1,1,11,6
2020-01-12,2020,1,1,12,7
2020-01-13,2020,1,1,13,1
2020-01-14,2020,1,1,14,2
2020-01-15,2020,1,1,15,3
2020-01-16,2020,1,1,16,4
2020-01-17,2020,1,1,17,5
2020-01-18,2020,1,1,18,6
2020-01-19,2020,1,1,19,7
2020-01-20,2020,1,1,20,1
2020-01-21,2020,1,1,21,2
2020-01-22,2020,1,1,22,3
2020-01-23,2020,1,1,23,4
2020-01-24,2020,1,1,24,5
2020-01-25,2020,1,1,25,6
2020-01-26,2020,1,1,26,7
2020-01-27,2020,1,1,27,1
2020-01-28,2020,1,1,28,2
2020-01-29,2020,1,1,29,3
2020-01-30,2020,1,1,30,4
2020-01-31,2020,1,1,31,5
2020-02-01,2020,1,2,1,6
2020-02-02,2020,1,2,2,7
2020-02-03,2020,1,2,3,1
2020-02-04,2020,1,2,4,2
2020-02-05,2020,1,2,5,3
2020-02-06,2020,1,2,6,4
2020-02-07,2020,1,2,7,5
2020-02-08,2020,1,2,8,6
2020-02-09,2020,1,2,9,7
2020-02-10,2020,1,2,10,1
2020-02-11,2020,1,2,11,2
2020-02-12,2020,1,2,12,3
2020-02-13,2020,1,2,13,4
2020-02-14,2020,1,2,14,5
2020-02-15,2020,1,2,15,6
2020-02-16,2020,1,2,16,7
2020-02-17,2020,1,2,17,1
2020-02-18,2020,1,2,18,2
2020-02-19,2020,1,2,19,3
2020-02-20,2020,1,2,20,4
2020-02-21,2020,1,2,21,5
2020-02-22,2020,1,2,22,6
2020-02-23,2020,1,2,23,7
2020-02-24,2020,1,2,24,1
2020-02-25,2020,1,2,25,2
2020-02-26,2020,1,2,26,3
2020-02-27,2020,1,2,27,4
2020-02-28,2020,1,2,28,5
2020-02-29,2020,1,2,29,6
2020-03-01,2020,1,3,1,7
2020-03-02,2020,1,3,2,1
2020-03-03,2020,1,3,3,2
2020-03-04,2020,1,3,4,3
2020-03-05,2020,1,3,5,4
2020-03-06,2020,1,3,6,5
2020-03-07,2020,1,3,7,6
2020-03-08,2020,1,3,8,7
2020-03-09,2020,1,3,9,1
2020-03-10,2020,1,3,10,2
2020-03-11,2020,1,3,11,3
2020-03-12,2020,1,3,12,4
2020-03-13,2020,1,3,13,5
2020-03-14,2020,1,3,14,6
2020-03-15,2020,1,3,15,7
2020-03-16,2020,1,3,16,1
2020-03-17,2020,1,3,17,2
2020-03-18,2020,1,3,18,3
2020-03-19,2020,1,3,19,4
2020-03-20,2020,1,3,20,5
2020-03-21,2020,1,3,21,6
2020-03-22,2020,1,3,22,7
2020-03-23,2020,1,3,23,1
2020-03-24,2020,1,3,24,2
2020-03-25,2020,1,3,25,3
2020-03-26,2020,1,3,26,4
2020-03-27,2020,1,3,27,5
2020-03-28,2020,1,3,28,6
2020-03-29,2020,1,3,29,7
2020-03-30,2020,1,3,30,1
2020-03-31,2020,1,3,31,2
2020-04-01,2020,2,4,1,3
2020-04-02,2020,2,4,2,4
2020-04-03,2020,2,4,3,5
2020-04-04,2020,2,4,4,6
2020-04-05,2020,2,4,5,7
2020-04-06,2020,2,4,6,1
2020-04-07,2020,2,4,7,2
2020-04-08,2020,2,4,8,3
2020-04-09,2020,2,4,9,4
2020-04-10,2020,2,4,10,5
2020-04-11,2020,2,4,11,6
2020-04-12,2020,2,4,12,7
2020-04-13,2020,2,4,13,1
2020-04-14,2020,2,4,14,2
2020-04-15,2020,2,4,15,3
2020-04-16,2020,2,4,16,4
2020-04-17,2020,2,4,17,5
2020-04-18,2020,2,4,18,6
2020-04-19,2020,2,4,19,7
2020-04-20,2020,2,4,20,1
2020-04-21,2020,2,4,21,2
2020-04-22,2020,2,4,22,3
2020-04-23,2020,2,4,23,4
2020-04-24,2020,2,4,24,5
2020-04-25,2020,2,4,25,6
2020-04-26,2020,2,4,26,7
2020-04-27,2020,2,4,27,1
2020-04-28,2020,2,4,28,2
2020-04-29,2020,2,4,29,3
2020-04-30,2020,2,4,30,4
2020-05-01,2020,2,5,1,5
2020-05-02,2020,2,5,2,6
2020-05-03,2020,2,5,3,7
2020-05-04,2020,2,5,4,1
2020-05-05,2020,2,5,5,2
2020-05-06,2020,2,5,6,3
2020-05-07,2020,2,5,7,4
2020-05-08,2020,2,5,8,5
2020-05-09,2020,2,5,9,6
2020-05-10,2020,2,5,10,7
2020-05-11,2020,2,5,11,1
2020-05-12,2020,2,5,12,2
2020-05-13,2020,2,5,13,3
2020-05-14,2020,2,5,14,4
2020-05-15,2020,2,5,15,5
2020-05-16,2020,2,5,16,6
2020-05-17,2020,2,5,17,7
2020-05-18,2020,2,5,18,1
2020-05-19,2020,2,5,19,2
2020-05-20,2020,2,5,20,3
2020-05-21,2020,2,5,21,4
2020-05-22,2020,2,5,22,5
2020-05-23,2020,2,5,23,6
2020-05-24,2020,2,5,24,7
2020-05-25,2020,2,5,25,1
2020-05-26,2020,2,5,26,2
2020-05-27,2020,2,5,27,3
2020-05-28,2020,2,5,28,4
2020-05-29,2020,2,5,29,5
2020-05-30,2020,2,5,30,6
2020-05-31,2020,2,5,31,7
2020-06-01,2020,2,6,1,1
2020-06-02,2020,2,6,2,2
2020-06-03,2020,2,6,3,3
2020-06-04,2020,2,6,4,4
2020-06-05,2020,2,6,5,5
2020-06-06,2020,2,6,6,6
2020-06-07,2020,2,6,7,7
2020-06-08,2020,2,6,8,1
2020-06-09,2020,2,6,9,2
2020-06-10,2020,2,6,10,3
2020-06-11,2020,2,6,11,4
2020-06-12,2020,2,6,12,5
2020-06-13,2020,2,6,13,6
2020-06-14,2020,2,6,14,7
2020-06-15,2020,2,6,15,1
2020-06-16,2020,2,6,16,2
2020-06-17,2020,2,6,17,3
2020-06-18,2020,2,6,18,4
2020-06-19,2020,2,6,19,5
2020-06-20,2020,2,6,20,6
2020-06-21,2020,2,6,21,7
2020-06-22,2020,2,6,22,1
2020-06-23,2020,2,6,23,2
2020-06-24,2020,2,6,24,3
2020-06-25,2020,2,6,25,4
2020-06-26,2020,2,6,26,5
2020-06-27,2020,2,6,27,6
2020-06-28,2020,2,6,28,7
2020-06-29,2020,2,6,29,1
2020-06-30,2020,2,6,30,2
2020-07-01,2020,3,7,1,3
2020-07-02,2020,3,7,2,4
2020-07-03,2020,3,7,3,5
2020-07-04,2020,3,7,4,6
2020-07-05,2020,3,7,5,7
2020-07-06,2020,3,7,6,1
2020-07-07,2020,3,7,7,2
2020-07-08,2020,3,7,8,3
2020-07-09,2020,3,7,9,4
2020-07-10,2020,3,7,10,5
2020-07-11,2020,3,7,11,6
2020-07-12,2020,3,7,12,7
2020-07-13,2020,3,7,13,1
2020-07-14,2020,3,7,14,2
2020-07-15,2020,3,7,15,3
2020-07-16,2020,3,7,16,4
2020-07-17,2020,3,7,17,5
2020-07-18,2020,3,7,18,6
2020-07-19,2020,3,7,19,7
2020-07-20,2020,3,7,20,1
2020-07-21,2020,3,7,21,2
2020-07-22,2020,3,7,22,3
2020-07-23,2020,3,7,23,4
2020-07-24,2020,3,7,24,5
2020-07-25,2020,3,7,25,6
2020-07-26,2020,3,7,26,7
2020-07-27,2020,3,7,27,1
2020-07-28,2020,3,7,28,2
2020-07-29,2020,3,7,29,3
2020-07-30,2020,3,7,30,4
2020-07-31,2020,3,7,31,5
2020-08-01,2020,3,8,1,6
2020-08-02,2020,3,8,2,7
2020-08-03,2020,3,8,3,1
2020-08-04,2020,3,8,4,2
2020-08-05,2020,3,8,5,3
2020-08-06,2020,3,8,6,4
2020-08-07,2020,3,8,7,5
2020-08-08,2020,3,8,8,6
2020-08-09,2020,3,8,9,7
2020-08-10,2020,3,8,10,1
2020-08-11,2020,3,8,11,2
2020-08-12,2020,3,8,12,3
2020-08-13,2020,3,8,13,4
2020-08-14,2020,3,8,14,5
2020-08-15,2020,3,8,15,6
2020-08-16,2020,3,8,16,7
2020-08-17,2020,3,8,17,1
2020-08-18,2020,3,8,18,2
2020-08-19,2020,3,8,19,3
2020-08-20,2020,3,8,20,4
2020-08-21,2020,3,8,21,5
2020-08-22,2020,3,8,22,6
2020-08-23,2020,3,8,23,7
2020-08-24,2020,3,8,24,1
2020-08-25,2020,3,8,25,2
2020-08-26,2020,3,8,26,3
2020-08-27,2020,3,8,27,4
2020-08-28,2020,3,8,28,5
2020-08-29,2020,3,8,29,6
2020-08-30,2020,3,8,30,7
2020-08-31,2020,3,8,31,1
2020-09-01,2020,3,9,1,2
2020-09-02,2020,3,9,2,3
2020-09-03,2020,3,9,3,4
2020-09-04,2020,3,9,4,5
2020-09-05,2020,3,9,5,6
2020-09-06,2020,3,9,6,7
2020-09-07,2020,3,9,7,1
2020-09-08,2020,3,9,8,2
2020-09-09,2020,3,9,9,3
2020-09-10,2020,3,9,10,4
2020-09-11,2020,3,9,11,5
2020-09-12,2020,3,9,12,6
2020-09-13,2020,3,9,13,7
2020-09-14,2020,3,9,14,1
2020-09-15,2020,3,9,15,2
2020-09-16,2020,3,9,16,3
2020-09-17,2020,3,9,17,4
2020-09-18,2020,3,9,18,5
2020-09-19,2020,3,9,19,6
2020-09-20,2020,3,9,20,7
2020-09-21,2020,3,9,21,1
2020-09-22,2020,3,9,22,2
2020-09-23,2020,3,9,23,3
2020-09-24,2020,3,9,24,4
2020-09-25,2020,3,9,25,5
2020-09-26,2020,3,9,26,6
2020-09-27,2020,3,9,27,7
2020-09-28,2020,3,9,28,1
2020-09-29,2020,3,9,29,2
2020-09-30,2020,3,9,30,3
2020-10-01,2020,4,10,1,4
2020-10-02,2020,4,10,2,5
2020-10-03,2020,4,10,3,6
2020-10-04,2020,4,10,4,7
2020-10-05,2020,4,10,5,1
2020-10-06,2020,4,10,6,2
2020-10-07,2020,4,10,7,3
2020-10-08,2020,4,10,8,4
2020-10-09,2020,4,10,9,5
2020-10-10,2020,4,10,10,6
2020-10-11,2020,4,10,11,7
2020-10-12,2020,4,10,12,1
2020-10-13,2020,4,10,13,2
2020-10-14,2020,4,10,14,3
2020-10-15,2020,4,10,15,4
2020-10-16,2020,4,10,16,5
2020-10-17,2020,4,10,17,6
2020-10-18,2020,4,10,18,7
2020-10-19,2020,4,10,19,1
2020-10-20,2020,4,10,20,2
2020-10-21,2020,4,10,21,3
2020-10-22,2020,4,10,22,4
2020-10-23,2020,4,10,23,5
2020-10-24,2020,4,10,24,6
2020-10-25,2020,4,10,25,7
2020-10-26,2020,4,10,26,1
2020-10-27,2020,4,10,27,2
2020-10-28,2020,4,10,28,3
2020-10-29,2020,4,10,29,4
2020-10-30,2020,4,10,30,5
2020-10-31,2020,4,10,31,6
2020-11-01,2020,4,11,1,7
2020-11-02,2020,4,11,2,1
2020-11-03,2020,4,11,3,2
2020-11-04,2020,4,11,4,3
2020-11-05,2020,4,11,5,4
2020-11-06,2020,4,11,6,5
2020-11-07,2020,4,11,7,6
2020-11-08,2020,4,11,8,7
2020-11-09,2020,4,11,9,1
2020-11-10,2020,4,11,10,2
2020-11-11,2020,4,11,11,3
2020-11-12,2020,4,11,12,4
2020-11-13,2020,4,11,13,5
2020-11-14,2020,4,11,14,6
2020-11-15,2020,4,11,15,7
2020-11-16,2020,4,11,16,1
2020-11-17,2020,4,11,17,2
2020-11-18,2020,4,11,18,3
2020-11-19,2020,4,11,19,4
2020-11-20,2020,4,11,20,5
2020-11-21,2020,4,11,21,6
2020-11-22,2020,4,11,22,7
2020-11-23,2020,4,11,23,1
2020-11-24,2020,4,11,24,2
2020-11-25,2020,4,11,25,3
2020-11-26,2020,4,11,26,4
2020-11-27,2020,4,11,27,5
2020-11-28,2020,4,11,28,6
2020-11-29,2020,4,11,29,7
2020-11-30,2020,4,11,30,1
2020-12-01,2020,4,12,1,2
2020-12-02,2020,4,12,2,3
2020-12-03,2020,4,12,3,4
2020-12-04,2020,4,12,4,5
2020-12-05,2020,4,12,5,6
2020-12-06,2020,4,12,6,7
2020-12-07,2020,4,12,7,1
2020-12-08,2020,4,12,8,2
2020-12-09,2020,4,12,9,3
2020-12-10,2020,4,12,10,4
2020-12-11,2020,4,12,11,5
2020-12-12,2020,4,12,12,6
2020-12-13,2020,4,12,13,7
2020-12-14,2020,4,12,14,1
2020-12-15,2020,4,12,15,2
2020-12-16,2020,4,12,16,3
2020-12-17,2020,4,12,17,4
2020-12-18,2020,4,12,18,5
2020-12-19,2020,4,12,19,6
2020-12-20,2020,4,12,20,7
2020-12-21,2020,4,12,21,1
2020-12-22,2020,4,12,22,2
2020-12-23,2020,4,12,23,3
2020-12-24,2020,4,12,24,4
2020-12-25,2020,4,12,25,5
2020-12-26,2020,4,12,26,6
2020-12-27,2020,4,12,27,7
2020-12-28,2020,4,12,28,1
2020-12-29,2020,4,12,29,2
2020-12-30,2020,4,12,30,3
2020-12-31,2020,4,12,31,4
2021-01-01,2021,1,1,1,5
2021-01-02,2021,1,1,2,6
2021-01-03,2021,1,1,3,7
2021-01-04,2021,1,1,4,1
2021-01-05,2021,1,1,5,2
2021-01-06,2021,1,1,6,3
2021-01-07,2021,1,1,7,4
2021-01-08,2021,1,1,8,5
2021-01-09,2021,1,1,9,6
2021-01-10,2021,1,1,10,7
2021-01-11,2021,1,1,11,1
2021-01-12,2021,1,1,12,2
2021-01-13,2021,1,1,13,3
2021-01-14,2021,1,1,14,4
2021-01-15,2021,1,1,15,5
2021-01-16,2021,1,1,16,6
2021-01-17,2021,1,1,17,7
2021-01-18,2021,1,1,18,1
2021-01-19,2021,1,1,19,2
2021-01-20,2021,1,1,20,3
2021-01-21,2021,1,1,21,4
2021-01-22,2021,1,1,22,5
2021-01-23,2021,1,1,23,6
2021-01-24,2021,1,1,24,7
2021-01-25,2021,1,1,25,1
2021-01-26,2021,1,1,26,2
2021-01-27,2021,1,1,27,3
2021-01-28,2021,1,1,28,4
2021-01-29,2021,1,1,29,5
2021-01-30,2021,1,1,30,6
2021-01-31,2021,1,1,31,7
2021-02-01,2021,1,2,1,1
2021-02-02,2021,1,2,2,2
2021-02-03,2021,1,2,3,3
2021-02-04,2021,1,2,4,4
2021-02-05,2021,1,2,5,5
2021-02-06,2021,1,2,6,6
2021-02-07,2021,1,2,7,7
2021-02-08,2021,1,2,8,1
2021-02-09,2021,1,2,9,2
2021-02-10,2021,1,2,10,3
2021-02-11,2021,1,2,11,4
2021-02-12,2021,1,2,12,5
2021-02-13,2021,1,2,13,6
2021-02-14,2021,1,2,14,7
2021-02-15,2021,1,2,15,1
2021-02-16,2021,1,2,16,2
2021-02-17,2021,1,2,17,3
2021-02-18,2021,1,2,18,4
2021-02-19,2021,1,2,19,5
2021-02-20,2021,1,2,20,6
2021-02-21,2021,1,2,21,7
2021-02-22,2021,1,2,22,1
2021-02-23,2021,1,2,23,2
2021-02-24,2021,1,2,24,3
2021-02-25,2021,1,2,25,4
2021-02-26,2021,1,2,26,5
2021-02-27,2021,1,2,27,6
2021-02-28,2021,1,2,28,7
2021-03-01,2021,1,3,1,1
2021-03-02,2021,1,3,2,2
2021-03-03,2021,1,3,3,3
2021-03-04,2021,1,3,4,4
2021-03-05,2021,1,3,5,5
2021-03-06,2021,1,3,6,6
2021-03-07,2021,1,3,7,7
2021-03-08,2021,1,3,8,1
2021-03-09,2021,1,3,9,2
2021-03-10,2021,1,3,10,3
2021-03-11,2021,1,3,11,4
2021-03-12,2021,1,3,12,5
2021-03-13,2021,1,3,13,6
2021-03-14,2021,1,3,14,7
2021-03-15,2021,1,3,15,1
2021-03-16,2021,1,3,16,2
2021-03-17,2021,1,3,17,3
2021-03-18,2021,1,3,18,4
2021-03-19,2021,1,3,19,5
2021-03-20,2021,1,3,20,6
2021-03-21,2021,1,3,21,7
2021-03-22,2021,1,3,22,1
2021-03-23,2021,1,3,23,2
2021-03-24,2021,1,3,24,3
2021-03-25,2021,1,3,25,4
2021-03-26,2021,1,3,26,5
2021-03-27,2021,1,3,27,6
2021-03-28,2021,1,3,28,7
2021-03-29,2021,1,3,29,1
2021-03-30,2021,1,3,30,2
2021-03-31,2021,1,3,31,3
2021-04-01,2021,2,4,1,4
2021-04-02,2021,2,4,2,5
2021-04-03,2021,2,4,3,6
2021-04-04,2021,2,4,4,7
2021-04-05,2021,2,4,5,1
2021-04-06,2021,2,4,6,2
2021-04-07,2021,2,4,7,3
2021-04-08,2021,2,4,8,4
2021-04-09,2021,2,4,9,5
2021-04-10,2021,2,4,10,6
2021-04-11,2021,2,4,11,7
2021-04-12,2021,2,4,12,1
2021-04-13,2021,2,4,13,2
2021-04-14,2021,2,4,14,3
2021-04-15,2021,2,4,15,4
2021-04-16,2021,2,4,16,5
2021-04-17,2021,2,4,17,6
2021-04-18,2021,2,4,18,7
2021-04-19,2021,2,4,19,1
2021-04-20,2021,2,4,20,2
2021-04-21,2021,2,4,21,3
2021-04-22,2021,2,4,22,4
2021-04-23,2021,2,4,23,5
2021-04-24,2021,2,4,24,6
2021-04-25,2021,2,4,25,7
2021-04-26,2021,2,4,26,1
2021-04-27,2021,2,4,27,2
2021-04-28,2021,2,4,28,3
2021-04-29,2021,2,4,29,4
2021-04-30,2021,2,4,30,5
2021-05-01,2021,2,5,1,6
2021-05-02,2021,2,5,2,7
2021-05-03,2021,2,5,3,1
2021-05-04,2021,2,5,4,2
2021-05-05,2021,2,5,5,3
2021-05-06,2021,2,5,6,4
2021-05-07,2021,2,5,7,5
2021-05-08,2021,2,5,8,6
2021-05-09,2021,2,5,9,7
2021-05-10,2021,2,5,10,1
2021-05-11,2021,2,5,11,2
2021-05-12,2021,2,5,12,3
2021-05-13,2021,2,5,13,4
2021-05-14,2021,2,5,14,5
2021-05-15,2021,2,5,15,6
2021-05-16,2021,2,5,16,7
2021-05-17,2021,2,5,17,1
2021-05-18,2021,2,5,18,2
2021-05-19,2021,2,5,19,3
2021-05-20,2021,2,5,20,4
2021-05-21,2021,2,5,21,5
2021-05-22,2021,2,5,22,6
2021-05-23,2021,2,5,23,7
2021-05-24,2021,2,5,24,1
2021-05-25,2021,2,5,25,2
2021-05-26,2021,2,5,26,3
2021-05-27,2021,2,5,27,4
2021-05-28,2021,2,5,28,5
2021-05-29,2021,2,5,29,6
2021-05-30,2021,2,5,30,7
2021-05-31,2021,2,5,31,1
2021-06-01,2021,2,6,1,2
2021-06-02,2021,2,6,2,3
2021-06-03,2021,2,6,3,4
2021-06-04,2021,2,6,4,5
2021-06-05,2021,2,6,5,6
2021-06-06,2021,2,6,6,7
2021-06-07,2021,2,6,7,1
2021-06-08,2021,2,6,8,2
2021-06-09,2021,2,6,9,3
2021-06-10,2021,2,6,10,4
2021-06-11,2021,2,6,11,5
2021-06-12,2021,2,6,12,6
2021-06-13,2021,2,6,13,7
2021-06-14,2021,2,6,14,1
2021-06-15,2021,2,6,15,2
2021-06-16,2021,2,6,16,3
2021-06-17,2021,2,6,17,4
2021-06-18,2021,2,6,18,5
2021-06-19,2021,2,6,19,6
2021-06-20,2021,2,6,20,7
2021-06-21,2021,2,6,21,1
2021-06-22,2021,2,6,22,2
2021-06-23,2021,2,6,23,3
2021-06-24,2021,2,6,24,4
2021-06-25,2021,2,6,25,5
2021-06-26,2021,2,6,26,6
2021-06-27,2021,2,6,27,7
2021-06-28,2021,2,6,28,1
2021-06-29,2021,2,6,29,2
2021-06-30,2021,2,6,30,3
2021-07-01,2021,3,7,1,4
2021-07-02,2021,3,7,2,5
2021-07-03,2021,3,7,3,6
2021-07-04,2021,3,7,4,7
2021-07-05,2021,3,7,5,1
2021-07-06,2021,3,7,6,2
2021-07-07,2021,3,7,7,3
2021-07-08,2021,3,7,8,4
2021-07-09,2021,3,7,9,5
2021-07-10,2021,3,7,10,6
2021-07-11,2021,3,7,11,7
2021-07-12,2021,3,7,12,1
2021-07-13,2021,3,7,13,2
2021-07-14,2021,3,7,14,3
2021-07-15,2021,3,7,15,4
2021-07-16,2021,3,7,16,5
2021-07-17,2021,3,7,17,6
2021-07-18,2021,3,7,18,7
2021-07-19,2021,3,7,19,1
2021-07-20,2021,3,7,20,2
2021-07-21,2021,3,7,21,3
2021-07-22,2021,3,7,22,4
2021-07-23,2021,3,7,23,5
2021-07-24,2021,3,7,24,6
2021-07-25,2021,3,7,25,7
2021-07-26,2021,3,7,26,1
2021-07-27,2021,3,7,27,2
2021-07-28,2021,3,7,28,3
2021-07-29,2021,3,7,29,4
2021-07-30,2021,3,7,30,5
2021-07-31,2021,3,7,31,6
2021-08-01,2021,3,8,1,7
2021-08-02,2021,3,8,2,1
2021-08-03,2021,3,8,3,2
2021-08-04,2021,3,8,4,3
2021-08-05,2021,3,8,5,4
2021-08-06,2021,3,8,6,5
2021-08-07,2021,3,8,7,6
2021-08-08,2021,3,8,8,7
2021-08-09,2021,3,8,9,1
2021-08-10,2021,3,8,10,2
2021-08-11,2021,3,8,11,3
2021-08-12,2021,3,8,12,4
2021-08-13,2021,3,8,13,5
2021-08-14,2021,3,8,14,6
2021-08-15,2021,3,8,15,7
2021-08-16,2021,3,8,16,1
2021-08-17,2021,3,8,17,2
2021-08-18,2021,3,8,18,3
2021-08-19,2021,3,8,19,4
2021-08-20,2021,3,8,20,5
2021-08-21,2021,3,8,21,6
2021-08-22,2021,3,8,22,7
2021-08-23,2021,3,8,23,1
2021-08-24,2021,3,8,24,2
2021-08-25,2021,3,8,25,3
2021-08-26,2021,3,8,26,4
2021-08-27,2021,3,8,27,5
2021-08-28,2021,3,8,28,6
2021-08-29,2021,3,8,29,7
2021-08-30,2021,3,8,30,1
2021-08-31,2021,3,8,31,2
2021-09-01,2021,3,9,1,3
2021-09-02,2021,3,9,2,4
2021-09-03,2021,3,9,3,5
2021-09-04,2021,3,9,4,6
2021-09-05,2021,3,9,5,7
2021-09-06,2021,3,9,6,1
2021-09-07,2021,3,9,7,2
2021-09-08,2021,3,9,8,3
2021-09-09,2021,3,9,9,4
2021-09-10,2021,3,9,10,5
2021-09-11,2021,3,9,11,6
2021-09-12,2021,3,9,12,7
2021-09-13,2021,3,9,13,1
2021-09-14,2021,3,9,14,2
2021-09-15,2021,3,9,15,3
2021-09-16,2021,3,9,16,4
2021-09-17,2021,3,9,17,5
2021-09-18,2021,3,9,18,6
2021-09-19,2021,3,9,19,7
2021-09-20,2021,3,9,20,1
2021-09-21,2021,3,9,21,2
2021-09-22,2021,3,9,22,3
2021-09-23,2021,3,9,23,4
2021-09-24,2021,3,9,24,5
2021-09-25,2021,3,9,25,6
2021-09-26,2021,3,9,26,7
2021-09-27,2021,3,9,27,1
2021-09-28,2021,3,9,28,2
2021-09-29,2021,3,9,29,3
2021-09-30,2021,3,9,30,4
2021-10-01,2021,4,10,1,5
2021-10-02,2021,4,10,2,6
2021-10-03,2021,4,10,3,7
2021-10-04,2021,4,10,4,1
2021-10-05,2021,4,10,5,2
2021-10-06,2021,4,10,6,3
2021-10-07,2021,4,10,7,4
2021-10-08,2021,4,10,8,5
2021-10-09,2021,4,10,9,6
2021-10-10,2021,4,10,10,7
2021-10-11,2021,4,10,11,1
2021-10-12,2021,4,10,12,2
2021-10-13,2021,4,10,13,3
2021-10-14,2021,4,10,14,4
2021-10-15,2021,4,10,15,5
2021-10-16,2021,4,10,16,6
2021-10-17,2021,4,10,17,7
2021-10-18,2021,4,10,18,1
2021-10-19,2021,4,10,19,2
2021-10-20,2021,4,10,20,3
2021-10-21,2021,4,10,21,4
2021-10-22,2021,4,10,22,5
2021-10-23,2021,4,10,23,6
2021-10-24,2021,4,10,24,7
2021-10-25,2021,4,10,25,1
2021-10-26,2021,4,10,26,2
2021-10-27,2021,4,10,27,3
2021-10-28,2021,4,10,28,4
2021-10-29,2021,4,10,29,5
2021-10-30,2021,4,10,30,6
2021-10-31,2021,4,10,31,7
2021-11-01,2021,4,11,1,1
2021-11-02,2021,4,11,2,2
2021-11-03,2021,4,11,3,3
2021-11-04,2021,4,11,4,4
2021-11-05,2021,4,11,5,5
2021-11-06,2021,4,11,6,6
2021-11-07,2021,4,11,7,7
2021-11-08,2021,4,11,8,1
2021-11-09,2021,4,11,9,2
2021-11-10,2021,4,11,10,3
2021-11-11,2021,4,11,11,4
2021-11-12,2021,4,11,12,5
2021-11-13,2021,4,11,13,6
2021-11-14,2021,4,11,14,7
2021-11-15,2021,4,11,15,1
2021-11-16,2021,4,11,16,2
2021-11-17,2021,4,11,17,3
2021-11-18,2021,4,11,18,4
2021-11-19,2021,4,11,19,5
2021-11-20,2021,4,11,20,6
2021-11-21,2021,4,11,21,7
2021-11-22,2021,4,11,22,1
2021-11-23,2021,4,11,23,2
2021-11-24,2021,4,11,24,3
2021-11-25,2021,4,11,25,4
2021-11-26,2021,4,11,26,5
2021-11-27,2021,4,11,27,6
2021-11-28,2021,4,11,28,7
2021-11-29,2021,4,11,29,1
2021-11-30,2021,4,11,30,2
2021-12-01,2021,4,12,1,3
2021-12-02,2021,4,12,2,4
2021-12-03,2021,4,12,3,5
2021-12-04,2021,4,12,4,6
2021-12-05,2021,4,12,5,7
2021-12-06,2021,4,12,6,1
2021-12-07,2021,4,12,7,2
2021-12-08,2021,4,12,8,3
2021-12-09,2021,4,12,9,4
2021-12-10,2021,4,12,10,5
2021-12-11,2021,4,12,11,6
2021-12-12,2021,4,12,12,7
2021-12-13,2021,4,12,13,1
2021-12-14,2021,4,12,14,2
2021-12-15,2021,4,12,15,3
2021-12-16,2021,4,12,16,4
2021-12-17,2021,4,12,17,5
2021-12-18,2021,4,12,18,6
2021-12-19,2021,4,12,19,7
2021-12-20,2021,4,12,20,1
2021-12-21,2021,4,12,21,2
2021-12-22,2021,4,12,22,3
2021-12-23,2021,4,12,23,4
2021-12-24,2021,4,12,24,5
2021-12-25,2021,4,12,25,6
2021-12-26,2021,4,12,26,7
2021-12-27,2021,4,12,27,1
2021-12-28,2021,4,12,28,2
2021-12-29,2021,4,12,29,3
2021-12-30,2021,4,12,30,4
2021-12-31,2021,4,12,31,5
2022-01-01,2022,1,1,1,6
2022-01-02,2022,1,1,2,7
2022-01-03,2022,1,1,3,1
2022-01-04,2022,1,1,4,2
2022-01-05,2022,1,1,5,3
2022-01-06,2022,1,1,6,4
2022-01-07,2022,1,1,7,5
2022-01-08,2022,1,1,8,6
2022-01-09,2022,1,1,9,7
2022-01-10,2022,1,1,10,1
2022-01-11,2022,1,1,11,2
2022-01-12,2022,1,1,12,3
2022-01-13,2022,1,1,13,4
2022-01-14,2022,1,1,14,5
2022-01-15,2022,1,1,15,6
2022-01-16,2022,1,1,16,7
2022-01-17,2022,1,1,17,1
2022-01-18,2022,1,1,18,2
2022-01-19,2022,1,1,19,3
2022-01-20,2022,1,1,20,4
2022-01-21,2022,1,1,21,5
2022-01-22,2022,1,1,22,6
2022-01-23,2022,1,1,23,7
2022-01-24,2022,1,1,24,1
2022-01-25,2022,1,1,25,2
2022-01-26,2022,1,1,26,3
2022-01-27,2022,1,1,27,4
2022-01-28,2022,1,1,28,5
2022-01-29,2022,1,1,29,6
2022-01-30,2022,1,1,30,7
2022-01-31,2022,1,1,31,1
2022-02-01,2022,1,2,1,2
2022-02-02,2022,1,2,2,3
2022-02-03,2022,1,2,3,4
2022-02-04,2022,1,2,4,5
2022-02-05,2022,1,2,5,6
2022-02-06,2022,1,2,6,7
2022-02-07,2022,1,2,7,1
2022-02-08,2022,1,2,8,2
2022-02-09,2022,1,2,9,3
2022-02-10,2022,1,2,10,4
2022-02-11,2022,1,2,11,5
2022-02-12,2022,1,2,12,6
2022-02-13,2022,1,2,13,7
2022-02-14,2022,1,2,14,1
2022-02-15,2022,1,2,15,2
2022-02-16,2022,1,2,16,3
2022-02-17,2022,1,2,17,4
2022-02-18,2022,1,2,18,5
2022-02-19,2022,1,2,19,6
2022-02-20,2022,1,2,20,7
2022-02-21,2022,1,2,21,1
2022-02-22,2022,1,2,22,2
2022-02-23,2022,1,2,23,3
2022-02-24,2022,1,2,24,4
2022-02-25,2022,1,2,25,5
2022-02-26,2022,1,2,26,6
2022-02-27,2022,1,2,27,7
2022-02-28,2022,1,2,28,1
2022-03-01,2022,1,3,1,2
2022-03-02,2022,1,3,2,3
2022-03-03,2022,1,3,3,4
2022-03-04,2022,1,3,4,5
2022-03-05,2022,1,3,5,6
2022-03-06,2022,1,3,6,7
2022-03-07,2022,1,3,7,1
2022-03-08,2022,1,3,8,2
2022-03-09,2022,1,3,9,3
2022-03-10,2022,1,3,10,4
2022-03-11,2022,1,3,11,5
2022-03-12,2022,1,3,12,6
2022-03-13,2022,1,3,13,7
2022-03-14,2022,1,3,14,1
2022-03-15,2022,1,3,15,2
2022-03-16,2022,1,3,16,3
2022-03-17,2022,1,3,17,4
2022-03-18,2022,1,3,18,5
2022-03-19,2022,1,3,19,6
2022-03-20,2022,1,3,20,7
2022-03-21,2022,1,3,21,1
2022-03-22,2022,1,3,22,2
2022-03-23,2022,1,3,23,3
2022-03-24,2022,1,3,24,4
2022-03-25,2022,1,3,25,5
2022-03-26,2022,1,3,26,6
2022-03-27,2022,1,3,27,7
2022-03-28,2022,1,3,28,1
2022-03-29,2022,1,3,29,2
2022-03-30,2022,1,3,30,3
2022-03-31,2022,1,3,31,4
2022-04-01,2022,2,4,1,5
2022-04-02,2022,2,4,2,6
2022-04-03,2022,2,4,3,7
2022-04-04,2022,2,4,4,1
2022-04-05,2022,2,4,5,2
2022-04-06,2022,2,4,6,3
2022-04-07,2022,2,4,7,4
2022-04-08,2022,2,4,8,5
2022-04-09,2022,2,4,9,6
2022-04-10,2022,2,4,10,7
2022-04-11,2022,2,4,11,1
2022-04-12,2022,2,4,12,2
2022-04-13,2022,2,4,13,3
2022-04-14,2022,2,4,14,4
2022-04-15,2022,2,4,15,5
2022-04-16,2022,2,4,16,6
2022-04-17,2022,2,4,17,7
2022-04-18,2022,2,4,18,1
2022-04-19,2022,2,4,19,2
2022-04-20,2022,2,4,20,3
2022-04-21,2022,2,4,21,4
2022-04-22,2022,2,4,22,5
2022-04-23,2022,2,4,23,6
2022-04-24,2022,2,4,24,7
2022-04-25,2022,2,4,25,1
2022-04-26,2022,2,4,26,2
2022-04-27,2022,2,4,27,3
2022-04-28,2022,2,4,28,4
2022-04-29,2022,2,4,29,5
2022-04-30,2022,2,4,30,6
2022-05-01,2022,2,5,1,7
2022-05-02,2022,2,5,2,1
2022-05-03,2022,2,5,3,2
2022-05-04,2022,2,5,4,3
2022-05-05,2022,2,5,5,4
2022-05-06,2022,2,5,6,5
2022-05-07,2022,2,5,7,6
2022-05-08,2022,2,5,8,7
2022-05-09,2022,2,5,9,1
2022-05-10,2022,2,5,10,2
2022-05-11,2022,2,5,11,3
2022-05-12,2022,2,5,12,4
2022-05-13,2022,2,5,13,5
2022-05-14,2022,2,5,14,6
2022-05-15,2022,2,5,15,7
2022-05-16,2022,2,5,16,1
2022-05-17,2022,2,5,17,2
2022-05-18,2022,2,5,18,3
2022-05-19,2022,2,5,19,4
2022-05-20,2022,2,5,20,5
2022-05-21,2022,2,5,21,6
2022-05-22,2022,2,5,22,7
2022-05-23,2022,2,5,23,1
2022-05-24,2022,2,5,24,2
2022-05-25,2022,2,5,25,3
2022-05-26,2022,2,5,26,4
2022-05-27,2022,2,5,27,5
2022-05-28,2022,2,5,28,6
2022-05-29,2022,2,5,29,7
2022-05-30,2022,2,5,30,1
2022-05-31,2022,2,5,31,2
2022-06-01,2022,2,6,1,3
2022-06-02,2022,2,6,2,4
2022-06-03,2022,2,6,3,5
2022-06-04,2022,2,6,4,6
2022-06-05,2022,2,6,5,7
2022-06-06,2022,2,6,6,1
2022-06-07,2022,2,6,7,2
2022-06-08,2022,2,6,8,3
2022-06-09,2022,2,6,9,4
2022-06-10,2022,2,6,10,5
2022-06-11,2022,2,6,11,6
2022-06-12,2022,2,6,12,7
2022-06-13,2022,2,6,13,1
2022-06-14,2022,2,6,14,2
2022-06-15,2022,2,6,15,3
2022-06-16,2022,2,6,16,4
2022-06-17,2022,2,6,17,5
2022-06-18,2022,2,6,18,6
2022-06-19,2022,2,6,19,7
2022-06-20,2022,2,6,20,1
2022-06-21,2022,2,6,21,2
2022-06-22,2022,2,6,22,3
2022-06-23,2022,2,6,23,4
2022-06-24,2022,2,6,24,5
2022-06-25,2022,2,6,25,6
2022-06-26,2022,2,6,26,7
2022-06-27,2022,2,6,27,1
2022-06-28,2022,2,6,28,2
2022-06-29,2022,2,6,29,3
2022-06-30,2022,2,6,30,4
2022-07-01,2022,3,7,1,5
2022-07-02,2022,3,7,2,6
2022-07-03,2022,3,7,3,7
2022-07-04,2022,3,7,4,1
2022-07-05,2022,3,7,5,2
2022-07-06,2022,3,7,6,3
2022-07-07,2022,3,7,7,4
2022-07-08,2022,3,7,8,5
2022-07-09,2022,3,7,9,6
2022-07-10,2022,3,7,10,7
2022-07-11,2022,3,7,11,1
2022-07-12,2022,3,7,12,2
2022-07-13,2022,3,7,13,3
2022-07-14,2022,3,7,14,4
2022-07-15,2022,3,7,15,5
2022-07-16,2022,3,7,16,6
2022-07-17,2022,3,7,17,7
2022-07-18,2022,3,7,18,1
2022-07-19,2022,3,7,19,2
2022-07-20,2022,3,7,20,3
2022-07-21,2022,3,7,21,4
2022-07-22,2022,3,7,22,5
2022-07-23,2022,3,7,23,6
2022-07-24,2022,3,7,24,7
2022-07-25,2022,3,7,25,1
2022-07-26,2022,3,7,26,2
2022-07-27,2022,3,7,27,3
2022-07-28,2022,3,7,28,4
2022-07-29,2022,3,7,29,5
2022-07-30,2022,3,7,30,6
2022-07-31,2022,3,7,31,7
2022-08-01,2022,3,8,1,1
2022-08-02,2022,3,8,2,2
2022-08-03,2022,3,8,3,3
2022-08-04,2022,3,8,4,4
2022-08-05,2022,3,8,5,5
2022-08-06,2022,3,8,6,6
2022-08-07,2022,3,8,7,7
2022-08-08,2022,3,8,8,1
2022-08-09,2022,3,8,9,2
2022-08-10,2022,3,8,10,3
2022-08-11,2022,3,8,11,4
2022-08-12,2022,3,8,12,5
2022-08-13,2022,3,8,13,6
2022-08-14,2022,3,8,14,7
2022-08-15,2022,3,8,15,1
2022-08-16,2022,3,8,16,2
2022-08-17,2022,3,8,17,3
2022-08-18,2022,3,8,18,4
2022-08-19,2022,3,8,19,5
2022-08-20,2022,3,8,20,6
2022-08-21,2022,3,8,21,7
2022-08-22,2022,3,8,22,1
2022-08-23,2022,3,8,23,2
2022-08-24,2022,3,8,24,3
2022-08-25,2022,3,8,25,4
2022-08-26,2022,3,8,26,5
2022-08-27,2022,3,8,27,6
2022-08-28,2022,3,8,28,7
2022-08-29,2022,3,8,29,1
2022-08-30,2022,3,8,30,2
2022-08-31,2022,3,8,31,3
2022-09-01,2022,3,9,1,4
2022-09-02,2022,3,9,2,5
2022-09-03,2022,3,9,3,6
2022-09-04,2022,3,9,4,7
2022-09-05,2022,3,9,5,1
2022-09-06,2022,3,9,6,2
2022-09-07,2022,3,9,7,3
2022-09-08,2022,3,9,8,4
2022-09-09,2022,3,9,9,5
2022-09-10,2022,3,9,10,6
2022-09-11,2022,3,9,11,7
2022-09-12,2022,3,9,12,1
2022-09-13,2022,3,9,13,2
2022-09-14,2022,3,9,14,3
2022-09-15,2022,3,9,15,4
2022-09-16,2022,3,9,16,5
2022-09-17,2022,3,9,17,6
2022-09-18,2022,3,9,18,7
2022-09-19,2022,3,9,19,1
2022-09-20,2022,3,9,20,2
2022-09-21,2022,3,9,21,3
2022-09-22,2022,3,9,22,4
2022-09-23,2022,3,9,23,5
2022-09-24,2022,3,9,24,6
2022-09-25,2022,3,9,25,7
2022-09-26,2022,3,9,26,1
2022-09-27,2022,3,9,27,2
2022-09-28,2022,3,9,28,3
2022-09-29,2022,3,9,29,4
2022-09-30,2022,3,9,30,5
2022-10-01,2022,4,10,1,6
2022-10-02,2022,4,10,2,7
2022-10-03,2022,4,10,3,1
2022-10-04,2022,4,10,4,2
2022-10-05,2022,4,10,5,3
2022-10-06,2022,4,10,6,4
2022-10-07,2022,4,10,7,5
2022-10-08,2022,4,10,8,6
2022-10-09,2022,4,10,9,7
2022-10-10,2022,4,10,10,1
2022-10-11,2022,4,10,11,2
2022-10-12,2022,4,10,12,3
2022-10-13,2022,4,10,13,4
2022-10-14,2022,4,10,14,5
2022-10-15,2022,4,10,15,6
2022-10-16,2022,4,10,16,7
2022-10-17,2022,4,10,17,1
2022-10-18,2022,4,10,18,2
2022-10-19,2022,4,10,19,3
2022-10-20,2022,4,10,20,4
2022-10-21,2022,4,10,21,5
2022-10-22,2022,4,10,22,6
2022-10-23,2022,4,10,23,7
2022-10-24,2022,4,10,24,1
2022-10-25,2022,4,10,25,2
2022-10-26,2022,4,10,26,3
2022-10-27,2022,4,10,27,4
2022-10-28,2022,4,10,28,5
2022-10-29,2022,4,10,29,6
2022-10-30,2022,4,10,30,7
2022-10-31,2022,4,10,31,1
2022-11-01,2022,4,11,1,2
2022-11-02,2022,4,11,2,3
2022-11-03,2022,4,11,3,4
2022-11-04,2022,4,11,4,5
2022-11-05,2022,4,11,5,6
2022-11-06,2022,4,11,6,7
2022-11-07,2022,4,11,7,1
2022-11-08,2022,4,11,8,2
2022-11-09,2022,4,11,9,3
2022-11-10,2022,4,11,10,4
2022-11-11,2022,4,11,11,5
2022-11-12,2022,4,11,12,6
2022-11-13,2022,4,11,13,7
2022-11-14,2022,4,11,14,1
2022-11-15,2022,4,11,15,2
2022-11-16,2022,4,11,16,3
2022-11-17,2022,4,11,17,4
2022-11-18,2022,4,11,18,5
2022-11-19,2022,4,11,19,6
2022-11-20,2022,4,11,20,7
2022-11-21,2022,4,11,21,1
2022-11-22,2022,4,11,22,2
2022-11-23,2022,4,11,23,3
2022-11-24,2022,4,11,24,4
2022-11-25,2022,4,11,25,5
2022-11-26,2022,4,11,26,6
2022-11-27,2022,4,11,27,7
2022-11-28,2022,4,11,28,1
2022-11-29,2022,4,11,29,2
2022-11-30,2022,4,11,30,3
2022-12-01,2022,4,12,1,4
2022-12-02,2022,4,12,2,5
2022-12-03,2022,4,12,3,6
2022-12-04,2022,4,12,4,7
2022-12-05,2022,4,12,5,1
2022-12-06,2022,4,12,6,2
2022-12-07,2022,4,12,7,3
2022-12-08,2022,4,12,8,4
2022-12-09,2022,4,12,9,5
2022-12-10,2022,4,12,10,6
2022-12-11,2022,4,12,11,7
2022-12-12,2022,4,12,12,1
2022-12-13,2022,4,12,13,2
2022-12-14,2022,4,12,14,3
2022-12-15,2022,4,12,15,4
2022-12-16,2022,4,12,16,5
2022-12-17,2022,4,12,17,6
2022-12-18,2022,4,12,18,7
2022-12-19,2022,4,12,19,1
2022-12-20,2022,4,12,20,2
2022-12-21,2022,4,12,21,3
2022-12-22,2022,4,12,22,4
2022-12-23,2022,4,12,23,5
2022-12-24,2022,4,12,24,6
2022-12-25,2022,4,12,25,7
2022-12-26,2022,4,12,26,1
2022-12-27,2022,4,12,27,2
2022-12-28,2022,4,12,28,3
2022-12-29,2022,4,12,29,4
2022-12-30,2022,4,12,30,5
2022-12-31,2022,4,12,31,6
2023-01-01,2023,1,1,1,7
2023-01-02,2023,1,1,2,1
2023-01-03,2023,1,1,3,2
2023-01-04,2023,1,1,4,3
2023-01-05,2023,1,1,5,4
2023-01-06,2023,1,1,6,5
2023-01-07,2023,1,1,7,6
2023-01-08,2023,1,1,8,7
2023-01-09,2023,1,1,9,1
2023-01-10,2023,1,1,10,2
2023-01-11,2023,1,1,11,3
2023-01-12,2023,1,1,12,4
2023-01-13,2023,1,1,13,5
2023-01-14,2023,1,1,14,6
2023-01-15,2023,1,1,15,7
2023-01-16,2023,1,1,16,1
2023-01-17,2023,1,1,17,2
2023-01-18,2023,1,1,18,3
2023-01-19,2023,1,1,19,4
2023-01-20,2023,1,1,20,5
2023-01-21,2023,1,1,21,6
2023-01-22,2023,1,1,22,7
2023-01-23,2023,1,1,23,1
2023-01-24,2023,1,1,24,2
2023-01-25,2023,1,1,25,3
2023-01-26,2023,1,1,26,4
2023-01-27,2023,1,1,27,5
2023-01-28,2023,1,1,28,6
2023-01-29,2023,1,1,29,7
2023-01-30,2023,1,1,30,1
2023-01-31,2023,1,1,31,2
2023-02-01,2023,1,2,1,3
2023-02-02,2023,1,2,2,4
2023-02-03,2023,1,2,3,5
2023-02-04,2023,1,2,4,6
2023-02-05,2023,1,2,5,7
2023-02-06,2023,1,2,6,1
2023-02-07,2023,1,2,7,2
2023-02-08,2023,1,2,8,3
2023-02-09,2023,1,2,9,4
2023-02-10,2023,1,2,10,5
2023-02-11,2023,1,2,11,6
2023-02-12,2023,1,2,12,7
2023-02-13,2023,1,2,13,1
2023-02-14,2023,1,2,14,2
2023-02-15,2023,1,2,15,3
2023-02-16,2023,1,2,16,4
2023-02-17,2023,1,2,17,5
2023-02-18,2023,1,2,18,6
2023-02-19,2023,1,2,19,7
2023-02-20,2023,1,2,20,1
2023-02-21,2023,1,2,21,2
2023-02-22,2023,1,2,22,3
2023-02-23,2023,1,2,23,4
2023-02-24,2023,1,2,24,5
2023-02-25,2023,1,2,25,6
2023-02-26,2023,1,2,26,7
2023-02-27,2023,1,2,27,1
2023-02-28,2023,1,2,28,2
2023-03-01,2023,1,3,1,3
2023-03-02,2023,1,3,2,4
2023-03-03,2023,1,3,3,5
2023-03-04,2023,1,3,4,6
2023-03-05,2023,1,3,5,7
2023-03-06,2023,1,3,6,1
2023-03-07,2023,1,3,7,2
2023-03-08,2023,1,3,8,3
2023-03-09,2023,1,3,9,4
2023-03-10,2023,1,3,10,5
2023-03-11,2023,1,3,11,6
2023-03-12,2023,1,3,12,7
2023-03-13,2023,1,3,13,1
2023-03-14,2023,1,3,14,2
2023-03-15,2023,1,3,15,3
2023-03-16,2023,1,3,16,4
2023-03-17,2023,1,3,17,5
2023-03-18,2023,1,3,18,6
2023-03-19,2023,1,3,19,7
2023-03-20,2023,1,3,20,1
2023-03-21,2023,1,3,21,2
2023-03-22,2023,1,3,22,3
2023-03-23,2023,1,3,23,4
2023-03-24,2023,1,3,24,5
2023-03-25,2023,1,3,25,6
2023-03-26,2023,1,3,26,7
2023-03-27,2023,1,3,27,1
2023-03-28,2023,1,3,28,2
2023-03-29,2023,1,3,29,3
2023-03-30,2023,1,3,30,4
2023-03-31,2023,1,3,31,5
2023-04-01,2023,2,4,1,6
2023-04-02,2023,2,4,2,7
2023-04-03,2023,2,4,3,1
2023-04-04,2023,2,4,4,2
2023-04-05,2023,2,4,5,3
2023-04-06,2023,2,4,6,4
2023-04-07,2023,2,4,7,5
2023-04-08,2023,2,4,8,6
2023-04-09,2023,2,4,9,7
2023-04-10,2023,2,4,10,1
2023-04-11,2023,2,4,11,2
2023-04-12,2023,2,4,12,3
2023-04-13,2023,2,4,13,4
2023-04-14,2023,2,4,14,5
2023-04-15,2023,2,4,15,6
2023-04-16,2023,2,4,16,7
2023-04-17,2023,2,4,17,1
2023-04-18,2023,2,4,18,2
2023-04-19,2023,2,4,19,3
2023-04-20,2023,2,4,20,4
2023-04-21,2023,2,4,21,5
2023-04-22,2023,2,4,22,6
2023-04-23,2023,2,4,23,7
2023-04-24,2023,2,4,24,1
2023-04-25,2023,2,4,25,2
2023-04-26,2023,2,4,26,3
2023-04-27,2023,2,4,27,4
2023-04-28,2023,2,4,28,5
2023-04-29,2023,2,4,29,6
2023-04-30,2023,2,4,30,7
2023-05-01,2023,2,5,1,1
2023-05-02,2023,2,5,2,2
2023-05-03,2023,2,5,3,3
2023-05-04,2023,2,5,4,4
2023-05-05,2023,2,5,5,5
2023-05-06,2023,2,5,6,6
2023-05-07,2023,2,5,7,7
2023-05-08,2023,2,5,8,1
2023-05-09,2023,2,5,9,2
2023-05-10,2023,2,5,10,3
2023-05-11,2023,2,5,11,4
2023-05-12,2023,2,5,12,5
2023-05-13,2023,2,5,13,6
2023-05-14,2023,2,5,14,7
2023-05-15,2023,2,5,15,1
2023-05-16,2023,2,5,16,2
2023-05-17,2023,2,5,17,3
2023-05-18,2023,2,5,18,4
2023-05-19,2023,2,5,19,5
2023-05-20,2023,2,5,20,6
2023-05-21,2023,2,5,21,7
2023-05-22,2023,2,5,22,1
2023-05-23,2023,2,5,23,2
2023-05-24,2023,2,5,24,3
2023-05-25,2023,2,5,25,4
2023-05-26,2023,2,5,26,5
2023-05-27,2023,2,5,27,6
2023-05-28,2023,2,5,28,7
2023-05-29,2023,2,5,29,1
2023-05-30,2023,2,5,30,2
2023-05-31,2023,2,5,31,3
2023-06-01,2023,2,6,1,4
2023-06-02,2023,2,6,2,5
2023-06-03,2023,2,6,3,6
2023-06-04,2023,2,6,4,7
2023-06-05,2023,2,6,5,1
2023-06-06,2023,2,6,6,2
2023-06-07,2023,2,6,7,3
2023-06-08,2023,2,6,8,4
2023-06-09,2023,2,6,9,5
2023-06-10,2023,2,6,10,6
2023-06-11,2023,2,6,11,7
2023-06-12,2023,2,6,12,1
2023-06-13,2023,2,6,13,2
2023-06-14,2023,2,6,14,3
2023-06-15,2023,2,6,15,4
2023-06-16,2023,2,6,16,5
2023-06-17,2023,2,6,17,6
2023-06-18,2023,2,6,18,7
2023-06-19,2023,2,6,19,1
2023-06-20,2023,2,6,20,2
2023-06-21,2023,2,6,21,3
2023-06-22,2023,2,6,22,4
2023-06-23,2023,2,6,23,5
2023-06-24,2023,2,6,24,6
2023-06-25,2023,2,6,25,7
2023-06-26,2023,2,6,26,1
2023-06-27,2023,2,6,27,2
2023-06-28,2023,2,6,28,3
2023-06-29,2023,2,6,29,4
2023-06-30,2023,2,6,30,5
2023-07-01,2023,3,7,1,6
2023-07-02,2023,3,7,2,7
2023-07-03,2023,3,7,3,1
2023-07-04,2023,3,7,4,2
2023-07-05,2023,3,7,5,3
2023-07-06,2023,3,7,6,4
2023-07-07,2023,3,7,7,5
2023-07-08,2023,3,7,8,6
2023-07-09,2023,3,7,9,7
2023-07-10,2023,3,7,10,1
2023-07-11,2023,3,7,11,2
2023-07-12,2023,3,7,12,3
2023-07-13,2023,3,7,13,4
2023-07-14,2023,3,7,14,5
2023-07-15,2023,3,7,15,6
2023-07-16,2023,3,7,16,7
2023-07-17,2023,3,7,17,1
2023-07-18,2023,3,7,18,2
2023-07-19,2023,3,7,19,3
2023-07-20,2023,3,7,20,4
2023-07-21,2023,3,7,21,5
2023-07-22,2023,3,7,22,6
2023-07-23,2023,3,7,23,7
2023-07-24,2023,3,7,24,1
2023-07-25,2023,3,7,25,2
2023-07-26,2023,3,7,26,3
2023-07-27,2023,3,7,27,4
2023-07-28,2023,3,7,28,5
2023-07-29,2023,3,7,29,6
2023-07-30,2023,3,7,30,7
2023-07-31,2023,3,7,31,1
2023-08-01,2023,3,8,1,2
2023-08-02,2023,3,8,2,3
2023-08-03,2023,3,8,3,4
2023-08-04,2023,3,8,4,5
2023-08-05,2023,3,8,5,6
2023-08-06,2023,3,8,6,7
2023-08-07,2023,3,8,7,1
2023-08-08,2023,3,8,8,2
2023-08-09,2023,3,8,9,3
2023-08-10,2023,3,8,10,4
2023-08-11,2023,3,8,11,5
2023-08-12,2023,3,8,12,6
2023-08-13,2023,3,8,13,7
2023-08-14,2023,3,8,14,1
2023-08-15,2023,3,8,15,2
2023-08-16,2023,3,8,16,3
2023-08-17,2023,3,8,17,4
2023-08-18,2023,3,8,18,5
2023-08-19,2023,3,8,19,6
2023-08-20,2023,3,8,20,7
2023-08-21,2023,3,8,21,1
2023-08-22,2023,3,8,22,2
2023-08-23,2023,3,8,23,3
2023-08-24,2023,3,8,24,4
2023-08-25,2023,3,8,25,5
2023-08-26,2023,3,8,26,6
2023-08-27,2023,3,8,27,7
2023-08-28,2023,3,8,28,1
2023-08-29,2023,3,8,29,2
2023-08-30,2023,3,8,30,3
2023-08-31,2023,3,8,31,4
2023-09-01,2023,3,9,1,5
2023-09-02,2023,3,9,2,6
2023-09-03,2023,3,9,3,7
2023-09-04,2023,3,9,4,1
2023-09-05,2023,3,9,5,2
2023-09-06,2023,3,9,6,3
2023-09-07,2023,3,9,7,4
2023-09-08,2023,3,9,8,5
2023-09-09,2023,3,9,9,6
2023-09-10,2023,3,9,10,7
2023-09-11,2023,3,9,11,1
2023-09-12,2023,3,9,12,2
2023-09-13,2023,3,9,13,3
2023-09-14,2023,3,9,14,4
2023-09-15,2023,3,9,15,5
2023-09-16,2023,3,9,16,6
2023-09-17,2023,3,9,17,7
2023-09-18,2023,3,9,18,1
2023-09-19,2023,3,9,19,2
2023-09-20,2023,3,9,20,3
2023-09-21,2023,3,9,21,4
2023-09-22,2023,3,9,22,5
2023-09-23,2023,3,9,23,6
2023-09-24,2023,3,9,24,7
2023-09-25,2023,3,9,25,1
2023-09-26,2023,3,9,26,2
2023-09-27,2023,3,9,27,3
2023-09-28,2023,3,9,28,4
2023-09-29,2023,3,9,29,5
2023-09-30,2023,3,9,30,6
2023-10-01,2023,4,10,1,7
2023-10-02,2023,4,10,2,1
2023-10-03,2023,4,10,3,2
2023-10-04,2023,4,10,4,3
2023-10-05,2023,4,10,5,4
2023-10-06,2023,4,10,6,5
2023-10-07,2023,4,10,7,6
2023-10-08,2023,4,10,8,7
2023-10-09,2023,4,10,9,1
2023-10-10,2023,4,10,10,2
2023-10-11,2023,4,10,11,3
2023-10-12,2023,4,10,12,4
2023-10-13,2023,4,10,13,5
2023-10-14,2023,4,10,14,6
2023-10-15,2023,4,10,15,7
2023-10-16,2023,4,10,16,1
2023-10-17,2023,4,10,17,2
2023-10-18,2023,4,10,18,3
2023-10-19,2023,4,10,19,4
2023-10-20,2023,4,10,20,5
2023-10-21,2023,4,10,21,6
2023-10-22,2023,4,10,22,7
2023-10-23,2023,4,10,23,1
2023-10-24,2023,4,10,24,2
2023-10-25,2023,4,10,25,3
2023-10-26,2023,4,10,26,4
2023-10-27,2023,4,10,27,5
2023-10-28,2023,4,10,28,6
2023-10-29,2023,4,10,29,7
2023-10-30,2023,4,10,30,1
2023-10-31,2023,4,10,31,2
2023-11-01,2023,4,11,1,3
2023-11-02,2023,4,11,2,4
2023-11-03,2023,4,11,3,5
2023-11-04,2023,4,11,4,6
2023-11-05,2023,4,11,5,7
2023-11-06,2023,4,11,6,1
2023-11-07,2023,4,11,7,2
2023-11-08,2023,4,11,8,3
2023-11-09,2023,4,11,9,4
2023-11-10,2023,4,11,10,5
2023-11-11,2023,4,11,11,6
2023-11-12,2023,4,11,12,7
2023-11-13,2023,4,11,13,1
2023-11-14,2023,4,11,14,2
2023-11-15,2023,4,11,15,3
2023-11-16,2023,4,11,16,4
2023-11-17,2023,4,11,17,5
2023-11-18,2023,4,11,18,6
2023-11-19,2023,4,11,19,7
2023-11-20,2023,4,11,20,1
2023-11-21,2023,4,11,21,2
2023-11-22,2023,4,11,22,3
2023-11-23,2023,4,11,23,4
2023-11-24,2023,4,11,24,5
2023-11-25,2023,4,11,25,6
2023-11-26,2023,4,11,26,7
2023-11-27,2023,4,11,27,1
2023-11-28,2023,4,11,28,2
2023-11-29,2023,4,11,29,3
2023-11-30,2023,4,11,30,4
2023-12-01,2023,4,12,1,5
2023-12-02,2023,4,12,2,6
2023-12-03,2023,4,12,3,7
2023-12-04,2023,4,12,4,1
2023-12-05,2023,4,12,5,2
2023-12-06,2023,4,12,6,3
2023-12-07,2023,4,12,7,4
2023-12-08,2023,4,12,8,5
2023-12-09,2023,4,12,9,6
2023-12-10,2023,4,12,10,7
2023-12-11,2023,4,12,11,1
2023-12-12,2023,4,12,12,2
2023-12-13,2023,4,12,13,3
2023-12-14,2023,4,12,14,4
2023-12-15,2023,4,12,15,5
2023-12-16,2023,4,12,16,6
2023-12-17,2023,4,12,17,7
2023-12-18,2023,4,12,18,1
2023-12-19,2023,4,12,19,2
2023-12-20,2023,4,12,20,3
2023-12-21,2023,4,12,21,4
2023-12-22,2023,4,12,22,5
2023-12-23,2023,4,12,23,6
2023-12-24,2023,4,12,24,7
2023-12-25,2023,4,12,25,1
2023-12-26,2023,4,12,26,2
2023-12-27,2023,4,12,27,3
2023-12-28,2023,4,12,28,4
2023-12-29,2023,4,12,29,5
2023-12-30,2023,4,12,30,6
2023-12-31,2023,4,12,31,7
2024-01-01,2024,1,1,1,1
2024-01-02,2024,1,1,2,2
2024-01-03,2024,1,1,3,3
2024-01-04,2024,1,1,4,4
2024-01-05,2024,1,1,5,5
2024-01-06,2024,1,1,6,6
2024-01-07,2024,1,1,7,7
2024-01-08,2024,1,1,8,1
2024-01-09,2024,1,1,9,2
2024-01-10,2024,1,1,10,3
2024-01-11,2024,1,1,11,4
2024-01-12,2024,1,1,12,5
2024-01-13,2024,1,1,13,6
2024-01-14,2024,1,1,14,7
2024-01-15,2024,1,1,15,1
2024-01-16,2024,1,1,16,2
2024-01-17,2024,1,1,17,3
2024-01-18,2024,1,1,18,4
2024-01-19,2024,1,1,19,5
2024-01-20,2024,1,1,20,6
2024-01-21,2024,1,1,21,7
2024-01-22,2024,1,1,22,1
2024-01-23,2024,1,1,23,2
2024-01-24,2024,1,1,24,3
2024-01-25,2024,1,1,25,4
2024-01-26,2024,1,1,26,5
2024-01-27,2024,1,1,27,6
2024-01-28,2024,1,1,28,7
2024-01-29,2024,1,1,29,1
2024-01-30,2024,1,1,30,2
2024-01-31,2024,1,1,31,3
2024-02-01,2024,1,2,1,4
2024-02-02,2024,1,2,2,5
2024-02-03,2024,1,2,3,6
2024-02-04,2024,1,2,4,7
2024-02-05,2024,1,2,5,1
2024-02-06,2024,1,2,6,2
2024-02-07,2024,1,2,7,3
2024-02-08,2024,1,2,8,4
2024-02-09,2024,1,2,9,5
2024-02-10,2024,1,2,10,6
2024-02-11,2024,1,2,11,7
2024-02-12,2024,1,2,12,1
2024-02-13,2024,1,2,13,2
2024-02-14,2024,1,2,14,3
2024-02-15,2024,1,2,15,4
2024-02-16,2024,1,2,16,5
2024-02-17,2024,1,2,17,6
2024-02-18,2024,1,2,18,7
2024-02-19,2024,1,2,19,1
2024-02-20,2024,1,2,20,2
2024-02-21,2024,1,2,21,3
2024-02-22,2024,1,2,22,4
2024-02-23,2024,1,2,23,5
2024-02-24,2024,1,2,24,6
2024-02-25,2024,1,2,25,7
2024-02-26,2024,1,2,26,1
2024-02-27,2024,1,2,27,2
2024-02-28,2024,1,2,28,3
2024-02-29,2024,1,2,29,4
2024-03-01,2024,1,3,1,5
2024-03-02,2024,1,3,2,6
2024-03-03,2024,1,3,3,7
2024-03-04,2024,1,3,4,1
2024-03-05,2024,1,3,5,2
2024-03-06,2024,1,3,6,3
2024-03-07,2024,1,3,7,4
2024-03-08,2024,1,3,8,5
2024-03-09,2024,1,3,9,6
2024-03-10,2024,1,3,10,7
2024-03-11,2024,1,3,11,1
2024-03-12,2024,1,3,12,2
2024-03-13,2024,1,3,13,3
2024-03-14,2024,1,3,14,4
2024-03-15,2024,1,3,15,5
2024-03-16,2024,1,3,16,6
2024-03-17,2024,1,3,17,7
2024-03-18,2024,1,3,18,1
2024-03-19,2024,1,3,19,2
2024-03-20,2024,1,3,20,3
2024-03-21,2024,1,3,21,4
2024-03-22,2024,1,3,22,5
2024-03-23,2024,1,3,23,6
2024-03-24,2024,1,3,24,7
2024-03-25,2024,1,3,25,1
2024-03-26,2024,1,3,26,2
2024-03-27,2024,1,3,27,3
2024-03-28,2024,1,3,28,4
2024-03-29,2024,1,3,29,5
2024-03-30,2024,1,3,30,6
2024-03-31,2024,1,3,31,7
2024-04-01,2024,2,4,1,1
2024-04-02,2024,2,4,2,2
2024-04-03,2024,2,4,3,3
2024-04-04,2024,2,4,4,4
2024-04-05,2024,2,4,5,5
2024-04-06,2024,2,4,6,6
2024-04-07,2024,2,4,7,7
2024-04-08,2024,2,4,8,1
2024-04-09,2024,2,4,9,2
2024-04-10,2024,2,4,10,3
2024-04-11,2024,2,4,11,4
2024-04-12,2024,2,4,12,5
2024-04-13,2024,2,4,13,6
2024-04-14,2024,2,4,14,7
2024-04-15,2024,2,4,15,1
2024-04-16,2024,2,4,16,2
2024-04-17,2024,2,4,17,3
2024-04-18,2024,2,4,18,4
2024-04-19,2024,2,4,19,5
2024-04-20,2024,2,4,20,6
2024-04-21,2024,2,4,21,7
2024-04-22,2024,2,4,22,1
2024-04-23,2024,2,4,23,2
2024-04-24,2024,2,4,24,3
2024-04-25,2024,2,4,25,4
2024-04-26,2024,2,4,26,5
2024-04-27,2024,2,4,27,6
2024-04-28,2024,2,4,28,7
2024-04-29,2024,2,4,29,1
2024-04-30,2024,2,4,30,2
2024-05-01,2024,2,5,1,3
2024-05-02,2024,2,5,2,4
2024-05-03,2024,2,5,3,5
2024-05-04,2024,2,5,4,6
2024-05-05,2024,2,5,5,7
2024-05-06,2024,2,5,6,1
2024-05-07,2024,2,5,7,2
2024-05-08,2024,2,5,8,3
2024-05-09,2024,2,5,9,4
2024-05-10,2024,2,5,10,5
2024-05-11,2024,2,5,11,6
2024-05-12,2024,2,5,12,7
2024-05-13,2024,2,5,13,1
2024-05-14,2024,2,5,14,2
2024-05-15,2024,2,5,15,3
2024-05-16,2024,2,5,16,4
2024-05-17,2024,2,5,17,5
2024-05-18,2024,2,5,18,6
2024-05-19,2024,2,5,19,7
2024-05-20,2024,2,5,20,1
2024-05-21,2024,2,5,21,2
2024-05-22,2024,2,5,22,3
2024-05-23,2024,2,5,23,4
2024-05-24,2024,2,5,24,5
2024-05-25,2024,2,5,25,6
2024-05-26,2024,2,5,26,7
2024-05-27,2024,2,5,27,1
2024-05-28,2024,2,5,28,2
2024-05-29,2024,2,5,29,3
2024-05-30,2024,2,5,30,4
2024-05-31,2024,2,5,31,5
2024-06-01,2024,2,6,1,6
2024-06-02,2024,2,6,2,7
2024-06-03,2024,2,6,3,1
2024-06-04,2024,2,6,4,2
2024-06-05,2024,2,6,5,3
2024-06-06,2024,2,6,6,4
2024-06-07,2024,2,6,7,5
2024-06-08,2024,2,6,8,6
2024-06-09,2024,2,6,9,7
2024-06-10,2024,2,6,10,1
2024-06-11,2024,2,6,11,2
2024-06-12,2024,2,6,12,3
2024-06-13,2024,2,6,13,4
2024-06-14,2024,2,6,14,5
2024-06-15,2024,2,6,15,6
2024-06-16,2024,2,6,16,7
2024-06-17,2024,2,6,17,1
2024-06-18,2024,2,6,18,2
2024-06-19,2024,2,6,19,3
2024-06-20,2024,2,6,20,4
2024-06-21,2024,2,6,21,5
2024-06-22,2024,2,6,22,6
2024-06-23,2024,2,6,23,7
2024-06-24,2024,2,6,24,1
2024-06-25,2024,2,6,25,2
2024-06-26,2024,2,6,26,3
2024-06-27,2024,2,6,27,4
2024-06-28,2024,2,6,28,5
2024-06-29,2024,2,6,29,6
2024-06-30,2024,2,6,30,7
2024-07-01,2024,3,7,1,1
2024-07-02,2024,3,7,2,2
2024-07-03,2024,3,7,3,3
2024-07-04,2024,3,7,4,4
2024-07-05,2024,3,7,5,5
2024-07-06,2024,3,7,6,6
2024-07-07,2024,3,7,7,7
2024-07-08,2024,3,7,8,1
2024-07-09,2024,3,7,9,2
2024-07-10,2024,3,7,10,3
2024-07-11,2024,3,7,11,4
2024-07-12,2024,3,7,12,5
2024-07-13,2024,3,7,13,6
2024-07-14,2024,3,7,14,7
2024-07-15,2024,3,7,15,1
2024-07-16,2024,3,7,16,2
2024-07-17,2024,3,7,17,3
2024-07-18,2024,3,7,18,4
2024-07-19,2024,3,7,19,5
2024-07-20,2024,3,7,20,6
2024-07-21,2024,3,7,21,7
2024-07-22,2024,3,7,22,1
2024-07-23,2024,3,7,23,2
2024-07-24,2024,3,7,24,3
2024-07-25,2024,3,7,25,4
2024-07-26,2024,3,7,26,5
2024-07-27,2024,3,7,27,6
2024-07-28,2024,3,7,28,7
2024-07-29,2024,3,7,29,1
2024-07-30,2024,3,7,30,2
2024-07-31,2024,3,7,31,3
2024-08-01,2024,3,8,1,4
2024-08-02,2024,3,8,2,5
2024-08-03,2024,3,8,3,6
2024-08-04,2024,3,8,4,7
2024-08-05,2024,3,8,5,1
2024-08-06,2024,3,8,6,2
2024-08-07,2024,3,8,7,3
2024-08-08,2024,3,8,8,4
2024-08-09,2024,3,8,9,5
2024-08-10,2024,3,8,10,6
2024-08-11,2024,3,8,11,7
2024-08-12,2024,3,8,12,1
2024-08-13,2024,3,8,13,2
2024-08-14,2024,3,8,14,3
2024-08-15,2024,3,8,15,4
2024-08-16,2024,3,8,16,5
2024-08-17,2024,3,8,17,6
2024-08-18,2024,3,8,18,7
2024-08-19,2024,3,8,19,1
2024-08-20,2024,3,8,20,2
2024-08-21,2024,3,8,21,3
2024-08-22,2024,3,8,22,4
2024-08-23,2024,3,8,23,5
2024-08-24,2024,3,8,24,6
2024-08-25,2024,3,8,25,7
2024-08-26,2024,3,8,26,1
2024-08-27,2024,3,8,27,2
2024-08-28,2024,3,8,28,3
2024-08-29,2024,3,8,29,4
2024-08-30,2024,3,8,30,5
2024-08-31,2024,3,8,31,6
2024-09-01,2024,3,9,1,7
2024-09-02,2024,3,9,2,1
2024-09-03,2024,3,9,3,2
2024-09-04,2024,3,9,4,3
2024-09-05,2024,3,9,5,4
2024-09-06,2024,3,9,6,5
2024-09-07,2024,3,9,7,6
2024-09-08,2024,3,9,8,7
2024-09-09,2024,3,9,9,1
2024-09-10,2024,3,9,10,2
2024-09-11,2024,3,9,11,3
2024-09-12,2024,3,9,12,4
2024-09-13,2024,3,9,13,5
2024-09-14,2024,3,9,14,6
2024-09-15,2024,3,9,15,7
2024-09-16,2024,3,9,16,1
2024-09-17,2024,3,9,17,2
2024-09-18,2024,3,9,18,3
2024-09-19,2024,3,9,19,4
2024-09-20,2024,3,9,20,5
2024-09-21,2024,3,9,21,6
2024-09-22,2024,3,9,22,7
2024-09-23,2024,3,9,23,1
2024-09-24,2024,3,9,24,2
2024-09-25,2024,3,9,25,3
2024-09-26,2024,3,9,26,4
2024-09-27,2024,3,9,27,5
2024-09-28,2024,3,9,28,6
2024-09-29,2024,3,9,29,7
2024-09-30,2024,3,9,30,1
2024-10-01,2024,4,10,1,2
2024-10-02,2024,4,10,2,3
2024-10-03,2024,4,10,3,4
2024-10-04,2024,4,10,4,5
2024-10-05,2024,4,10,5,6
2024-10-06,2024,4,10,6,7
2024-10-07,2024,4,10,7,1
2024-10-08,2024,4,10,8,2
2024-10-09,2024,4,10,9,3
2024-10-10,2024,4,10,10,4
2024-10-11,2024,4,10,11,5
2024-10-12,2024,4,10,12,6
2024-10-13,2024,4,10,13,7
2024-10-14,2024,4,10,14,1
2024-10-15,2024,4,10,15,2
2024-10-16,2024,4,10,16,3
2024-10-17,2024,4,10,17,4
2024-10-18,2024,4,10,18,5
2024-10-19,2024,4,10,19,6
2024-10-20,2024,4,10,20,7
2024-10-21,2024,4,10,21,1
2024-10-22,2024,4,10,22,2
2024-10-23,2024,4,10,23,3
2024-10-24,2024,4,10,24,4
2024-10-25,2024,4,10,25,5
2024-10-26,2024,4,10,26,6
2024-10-27,2024,4,10,27,7
2024-10-28,2024,4,10,28,1
2024-10-29,2024,4,10,29,2
2024-10-30,2024,4,10,30,3
2024-10-31,2024,4,10,31,4
2024-11-01,2024,4,11,1,5
2024-11-02,2024,4,11,2,6
2024-11-03,2024,4,11,3,7
2024-11-04,2024,4,11,4,1
2024-11-05,2024,4,11,5,2
2024-11-06,2024,4,11,6,3
2024-11-07,2024,4,11,7,4
2024-11-08,2024,4,11,8,5
2024-11-09,2024,4,11,9,6
2024-11-10,2024,4,11,10,7
2024-11-11,2024,4,11,11,1
2024-11-12,2024,4,11,12,2
2024-11-13,2024,4,11,13,3
2024-11-14,2024,4,11,14,4
2024-11-15,2024,4,11,15,5
2024-11-16,2024,4,11,16,6
2024-11-17,2024,4,11,17,7
2024-11-18,2024,4,11,18,1
2024-11-19,2024,4,11,19,2
2024-11-20,2024,4,11,20,3
2024-11-21,2024,4,11,21,4
2024-11-22,2024,4,11,22,5
2024-11-23,2024,4,11,23,6
2024-11-24,2024,4,11,24,7
2024-11-25,2024,4,11,25,1
2024-11-26,2024,4,11,26,2
2024-11-27,2024,4,11,27,3
2024-11-28,2024,4,11,28,4
2024-11-29,2024,4,11,29,5
2024-11-30,2024,4,11,30,6
2024-12-01,2024,4,12,1,7
2024-12-02,2024,4,12,2,1
2024-12-03,2024,4,12,3,2
2024-12-04,2024,4,12,4,3
2024-12-05,2024,4,12,5,4
2024-12-06,2024,4,12,6,5
2024-12-07,2024,4,12,7,6
2024-12-08,2024,4,12,8,7
2024-12-09,2024,4,12,9,1
2024-12-10,2024,4,12,10,2
2024-12-11,2024,4,12,11,3
2024-12-12,2024,4,12,12,4
2024-12-13,2024,4,12,13,5
2024-12-14,2024,4,12,14,6
2024-12-15,2024,4,12,15,7
2024-12-16,2024,4,12,16,1
2024-12-17,2024,4,12,17,2
2024-12-18,2024,4,12,18,3
2024-12-19,2024,4,12,19,4
2024-12-20,2024,4,12,20,5
2024-12-21,2024,4,12,21,6
2024-12-22,2024,4,12,22,7
2024-12-23,2024,4,12,23,1
2024-12-24,2024,4,12,24,2
2024-12-25,2024,4,12,25,3
2024-12-26,2024,4,12,26,4
2024-12-27,2024,4,12,27,5
2024-12-28,2024,4,12,28,6
2024-12-29,2024,4,12,29,7
2024-12-30,2024,4,12,30,1
2024-12-31,2024,4,12,31,2
